{"cameraMode":{"drawMode":0,"name":"Shaded","section":"Shading Mode"},"sceneLighting":false,"audioPlay":false,"sceneViewState":{"m_AlwaysRefresh":false,"showFog":true,"showSkybox":false,"showFlares":true,"showImageEffects":true,"showParticleSystems":true,"showVisualEffectGraphs":true,"m_FxEnabled":true},"in2DMode":false,"pivot":{"x":56.301307678222659,"y":-3.1560001373291017,"z":-0.5740299224853516},"rotation":{"x":-0.16898714005947114,"y":0.009458521381020546,"z":-0.0016218703240156174,"w":-0.9855715036392212},"size":19.61692237854004,"orthographic":false}